Amount,TransactionAmount,AnomalyScore,FraudIndicator,Hour,DayOfWeek,Category_Food,Category_Online,Category_Other,Category_Retail,Category_Travel
55.53033442986919,79.41360746377397,0.6866994638180963,0,0,5,0,0,1,0,0
12.881180192784145,12.053087153568082,0.0817488708011465,0,1,5,0,1,0,0,0
50.17632151706568,33.31035719105734,0.0238568301053087,0,2,5,0,0,0,0,1
41.63400105303006,46.12111728963105,0.8769943477359176,0,3,5,0,0,0,0,1
78.12285326574603,54.05161801340517,0.0340587726731107,0,4,5,0,0,1,0,0
86.94708413376785,34.54513807247706,0.1211728992013775,0,5,5,1,0,0,0,0
51.1470964781812,55.383112817522296,0.1098916756547063,0,6,5,1,0,0,0,0
56.16398430834813,17.855877857196635,0.7805342072486868,0,7,5,0,0,0,0,1
37.182411723100415,75.65994449829373,0.0104709053716154,1,8,5,0,0,0,1,0
17.245409041786953,67.93187884012292,0.0293762699375884,0,9,5,0,0,1,0,0
86.18094790838266,23.89562271190145,0.0834553954788118,0,10,5,0,0,1,0,0
95.55400891993546,17.797222024189402,0.4517349450635481,0,11,5,1,0,0,0,0
47.13851441157395,64.78165788186897,0.4448031201651125,0,12,5,0,0,1,0,0
98.80425008117196,43.691459478352925,0.9973396329012194,0,13,5,0,0,0,0,1
99.83263446243002,35.45084414311964,0.8279264002423734,0,14,5,0,0,1,0,0
20.735039147246727,47.62737483292299,0.4559473695840319,0,15,5,0,0,1,0,0
44.54511885107208,83.80043412877465,0.0786169688869532,0,16,5,0,0,1,0,0
27.05493666999777,67.01973545243015,0.5328202953043202,0,17,5,0,0,0,0,1
13.615519156393288,79.67952921186595,0.2520122859524184,1,18,5,1,0,0,0,0
20.80228963510888,23.12632324762183,0.2791586079368224,0,19,5,0,0,0,0,1
36.04360521851923,60.70535435436163,0.6759407120991201,0,20,5,0,0,0,0,1
99.1004273987159,53.84670686845873,0.1242284781235212,0,21,5,0,1,0,0,0
85.4201781893225,15.579538194663694,0.1953263896357612,0,22,5,0,0,0,0,1
84.05328458627297,13.386777836538998,0.6172898016719134,0,23,5,0,0,0,1,0
50.258612452465634,98.4640558012606,0.2443530379310863,0,0,6,0,0,0,0,1
52.593928648769634,95.19370554798026,0.4870702896864038,0,1,6,0,0,1,0,0
20.48932094343152,77.5092196540028,0.4227359977610908,0,2,6,0,0,1,0,0
12.397442736592344,51.77113770450813,0.838064383449069,0,3,6,0,1,0,0,0
25.334803493141827,73.08040768249539,0.4633405713676668,0,4,6,0,0,1,0,0
70.07512697850342,83.8842181328395,0.6466000102947055,0,5,6,0,0,0,1,0
92.6193029775784,59.9638046074686,0.0286451504049212,0,6,6,1,0,0,0,0
77.7269441692719,64.82555289198555,0.1139557066719609,0,7,6,0,1,0,0,0
59.3509900357369,16.31638922256401,0.7904919847795615,0,8,6,0,0,1,0,0
61.34763595275774,74.89233384628318,0.496141397087933,0,9,6,0,0,0,1,0
60.47401632791208,63.48108383812917,0.0234248603939667,0,10,6,0,1,0,0,0
42.20773347952953,55.0748944700021,0.1056184269218054,0,11,6,0,0,0,1,0
71.26856791663724,15.85588970150042,0.1173613685668951,0,12,6,1,0,0,0,0
46.214982406953474,35.25955889294103,0.682579996111541,0,13,6,0,0,0,1,0
14.63168948637222,53.30527210965001,0.9384845538305628,0,14,6,0,0,1,0,0
80.53777562959479,89.31329987617828,0.5326091267272046,0,15,6,0,0,1,0,0
47.874851353915766,13.156789554321756,0.3194777655854669,0,16,6,0,0,1,0,0
85.10981610829299,39.31008128591371,0.2149458399121594,0,17,6,0,0,0,1,0
55.81926585658818,62.40210028810944,0.5672705382841227,0,18,6,0,1,0,0,0
86.97191973785533,88.11638357233643,0.7663300041347579,0,19,6,1,0,0,0,0
69.75758075212585,29.203181435601817,0.7076318867164036,0,20,6,0,1,0,0,0
79.35791579481321,15.0314207539817,0.9923378496402676,0,21,6,0,1,0,0,0
72.74250983074938,64.0550437068745,0.531697063932589,0,22,6,1,0,0,0,0
17.6405694778187,37.31484596425175,0.0322402678558125,0,23,6,0,0,0,0,1
30.793728080558463,11.93959323128237,0.0061201141369274,1,0,0,0,0,1,0,0
61.35297940106928,17.91599331862236,0.0447252918925693,0,1,0,0,1,0,0,0
42.07616320785515,28.42012347274126,0.9181560081146742,0,2,0,0,0,0,1,0
90.81333790562653,95.91411492767848,0.0555455780239428,0,3,0,0,0,0,1,0
42.08401695356378,44.00543975418234,0.5687201877502441,0,4,0,1,0,0,0,0
87.77609114158098,39.083675731208,0.1116274550577005,0,5,0,0,1,0,0,0
62.13088122838467,79.91319162474862,0.6294201752731601,0,6,0,0,0,1,0,0
83.1517552203441,99.39547482554184,0.5047562252447003,0,7,0,0,0,0,1,0
49.723786313021925,98.02129252071374,0.7124860792029184,0,8,0,0,0,0,0,1
13.081741283544147,85.97846399845285,0.6232913655459015,0,9,0,1,0,0,0,0
28.62756065487808,61.369965594477215,0.6889460878176792,0,10,0,1,0,0,0,0
82.91599923239106,56.39017672096056,0.7012128117494796,0,11,0,0,0,0,1,0
76.11459127700137,52.224587954587946,0.3817522806168361,0,12,0,0,0,0,0,1
66.56159118369223,88.00863507425593,0.4478817547460879,0,13,0,0,0,0,0,1
50.51711429707575,22.41233395120337,0.7690132128559298,0,14,0,0,0,1,0,0
55.162744952494926,10.967550794864708,0.3391291866143247,0,15,0,0,1,0,0,0
78.33451388591148,74.80049283184198,0.0951938957139624,0,16,0,0,0,1,0,0
51.4144879788989,16.34857049322759,0.1072906870387059,0,17,0,0,0,1,0,0
81.34788954135908,59.48591943885853,0.169625926112435,0,18,0,0,0,0,1,0
95.23140544260824,64.68870798615711,0.5467204678243731,0,19,0,0,0,1,0,0
87.15831942631942,40.11881406202277,0.7132956071476505,0,20,0,0,0,0,1,0
78.69681169305915,33.18694249951406,0.2189393885632597,0,21,0,0,0,1,0,0
23.80623682022744,64.24073572319557,0.5521439297775538,0,22,0,0,1,0,0,0
57.31615922446038,53.91674221753586,0.1617728586912705,1,23,0,0,1,0,0,0
67.92604330939866,55.60426363765741,0.6860135687546838,0,0,1,0,0,0,0,1
16.26344880319616,95.54621197153052,0.957373586986144,0,1,1,0,0,0,0,1
13.42002255353782,25.73509604902587,0.7842947190605576,0,2,1,0,0,1,0,0
42.76855554669151,92.0899205881348,0.4885878004048138,0,3,1,1,0,0,0,0
41.21158341874049,66.15215047728688,0.2178905074792401,0,4,1,0,0,0,0,1
58.13859005804491,70.84820400902817,0.3941309112302433,0,5,1,0,0,1,0,0
14.634664157422302,65.46874682566187,0.6085123427185402,0,6,1,0,1,0,0,0
19.137591520992626,25.27309509866829,0.0255585901176547,0,7,1,0,0,0,1,0
29.83486576041774,54.43074953579532,0.2007991959678334,0,8,1,0,0,0,0,1
38.43137755298227,89.92128590628081,0.084979207388952,0,9,1,0,1,0,0,0
18.11076186890229,70.5533611534697,0.0148769296562688,0,10,1,1,0,0,0,0
22.97242859349798,11.760532784436789,0.8500908746590535,0,11,1,0,1,0,0,0
22.45289288099517,47.90428072026375,0.8858380254109788,0,12,1,0,0,0,1,0
70.51131966791718,30.12257414785566,0.6619170473823522,0,13,1,0,0,0,1,0
78.55221406635722,59.06169368651467,0.7086399710261254,0,14,1,0,0,0,1,0
35.601241841950866,61.030450747630056,0.0365564379848128,0,15,1,0,0,0,0,1
26.00722367933592,77.76328614592758,0.4402907533266011,0,16,1,0,0,0,1,0
85.36034193563887,49.16020343383616,0.0002337072005655,0,17,1,0,0,0,1,0
48.09673926087099,70.28777110281193,0.5325805700018359,0,18,1,0,1,0,0,0
29.03410939854033,33.838420642486625,0.1103865196909265,0,19,1,1,0,0,0,0
98.14685940247114,49.22333118633592,0.190179868627074,0,20,1,0,0,0,0,1
79.77488953148558,85.86740383135798,0.4604078745218216,0,21,1,0,0,0,0,1
50.39592040108388,72.2881408132906,0.6351498923024964,1,22,1,0,0,1,0,0
98.5026858539832,26.196351691755417,0.495002454686524,0,23,1,0,0,0,1,0
18.16684546592576,90.0778270615524,0.3040718787901955,0,0,2,0,0,1,0,0
55.88720399193835,21.11119366756257,0.291574943975321,0,1,2,0,0,1,0,0
76.84342858021311,15.152685241543288,0.2419476642350824,0,2,2,0,1,0,0,0
13.097222776355888,94.0073412618988,0.3374859941376362,0,3,2,0,0,1,0,0
58.92390637798005,88.98436112503889,0.9603976293466876,0,4,2,1,0,0,0,0
61.65899469709107,97.48688179907796,0.2645800599183321,0,5,2,0,1,0,0,0
12.458635265316776,83.76810174234359,0.3332819881973068,0,6,2,0,0,0,1,0
16.651042272403856,93.56933968320736,0.3398523619032424,0,7,2,0,0,0,0,1
64.1798875377491,39.7071103789509,0.2223044794557515,0,8,2,0,0,1,0,0
13.915099886609262,54.89026403662322,0.4215635124057515,0,9,2,0,0,0,0,1
58.084975288492096,85.92834801769118,0.3664545518768669,0,10,2,0,1,0,0,0
96.8105858612092,64.58967531386853,0.8913273664664983,0,11,2,0,1,0,0,0
48.737959254294935,66.51437179940578,0.7824277459451286,0,12,2,1,0,0,0,0
44.24378825471623,57.44211218746886,0.0063315156706293,0,13,2,0,0,1,0,0
22.586047991269297,10.625085325396435,0.6864802438144277,0,14,2,0,0,0,1,0
40.47944601842122,21.310132757865613,0.290569092728993,0,15,2,0,0,1,0,0
74.4439571243902,31.089658414406184,0.3787730482978894,0,16,2,0,1,0,0,0
77.57986716270221,97.86479106596292,0.8384719464730573,0,17,2,0,0,0,0,1
40.63979180497972,20.93135754622178,0.8548717198256173,0,18,2,0,0,0,1,0
62.921911545133966,84.66984069219563,0.4309100079096375,0,19,2,1,0,0,0,0
43.7036374245612,75.34393386371227,0.8626867847533091,0,20,2,0,0,0,0,1
56.60485656715164,31.029962233485527,0.9230146888184372,0,21,2,0,0,0,1,0
17.72987462635209,19.527907375407104,0.8521427323660469,1,22,2,0,0,0,1,0
68.83486745284134,82.48672259028618,0.0428071189562689,0,23,2,0,0,0,1,0
32.34210737065556,95.08638384399995,0.7459715350697309,0,0,3,0,0,0,1,0
87.56655197793899,48.77567691066048,0.5893665589856495,0,1,3,0,0,0,1,0
70.83894725546456,76.92373657516502,0.269505804949578,1,2,3,0,0,1,0,0
26.529790933426444,52.738703327766736,0.4136975064344618,0,3,3,0,0,0,0,1
88.20456750327392,83.10764958693693,0.7920798620894777,0,4,3,0,0,0,1,0
55.20289159939914,60.02616890446173,0.407731665515309,0,5,3,0,0,1,0,0
55.48555001123924,89.72536824864176,0.5470065298001408,0,6,3,0,0,1,0,0
39.19964508295418,83.8883819694083,0.6487036898380295,0,7,3,1,0,0,0,0
49.87286889896349,93.2420611636587,0.8657397106795307,0,8,3,1,0,0,0,0
12.473355037269908,53.74615541333524,0.6067478301246536,0,9,3,0,0,1,0,0
75.99253650342669,43.06404676353721,0.5439223502745882,0,10,3,0,0,1,0,0
65.03159710701489,27.32178111362836,0.1944314454446276,0,11,3,1,0,0,0,0
92.36972521780169,74.31939247105099,0.0507840812114911,0,12,3,0,0,0,1,0
33.800957892074884,81.10453304374346,0.6752844762825353,0,13,3,1,0,0,0,0
14.56451519624522,51.28972617484501,0.3518120629599117,0,14,3,0,0,0,0,1
70.85855068793218,76.33022876630817,0.6862647854532525,0,15,3,0,0,0,0,1
80.77316169978734,82.1851437672511,0.166292052708713,0,16,3,0,0,1,0,0
39.8254029895631,68.07165652135744,0.107425555785323,0,17,3,0,1,0,0,0
12.184601872547413,97.73176014092073,0.0653463606382471,0,18,3,0,1,0,0,0
36.9412542954954,44.4059707359975,0.7817590190058886,0,19,3,0,0,0,0,1
61.41387641863861,46.56716357207259,0.671085348147031,0,20,3,0,0,0,1,0
74.95521382139967,50.497451261542906,0.5218400263257464,0,21,3,0,0,1,0,0
86.47644806653052,73.01484256366689,0.0083915576541542,0,22,3,0,1,0,0,0
44.586046124582026,70.58921223632976,0.2643047451700305,0,23,3,0,1,0,0,0
45.94470335816509,18.760393793572423,0.7695243691162444,0,0,4,0,1,0,0,0
86.17240478756997,33.87159912261558,0.0963849867089952,0,1,4,1,0,0,0,0
19.688496513147165,93.62801307167632,0.5907825622817242,0,2,4,0,0,0,0,1
79.52197137501955,78.51656294055846,0.5996910725465628,0,3,4,0,1,0,0,0
10.863844969173988,13.740115016215762,0.0769873880028959,1,4,4,0,0,0,0,1
15.24013555293646,35.76256757704117,0.9827270365132578,0,5,4,0,0,1,0,0
46.265651867845264,91.20674786727866,0.6983944973107784,0,6,4,0,0,0,1,0
10.64214063364256,67.72998285604584,0.7864850345761688,0,7,4,0,0,0,0,1
40.52631372440093,23.84789057823815,0.8608939744740778,0,8,4,0,1,0,0,0
55.74925986254664,23.19675309370517,0.0363253594047917,0,9,4,0,1,0,0,0
80.68702881549353,55.12309145953811,0.152484889271127,0,10,4,0,0,0,1,0
58.78105340124304,92.42444949008308,0.195162305471047,0,11,4,0,0,0,1,0
93.21260497318085,60.54514510210061,0.7535838037722454,0,12,4,0,1,0,0,0
48.93431687421971,58.13885000694888,0.0013112357995281,0,13,4,1,0,0,0,0
75.84896970201633,49.28997754079705,0.0686108170259279,0,14,4,0,0,1,0,0
99.24329385724016,20.433902723174075,0.799903050684708,1,15,4,1,0,0,0,0
97.62385249068704,34.28799621000191,0.8128326048241296,0,16,4,0,0,0,0,1
68.36222224178091,93.90980107812352,0.1303453119881498,1,17,4,0,0,0,1,0
52.7405583765616,62.2966821251412,0.8961648984302398,0,18,4,0,1,0,0,0
88.75728850172628,21.200385624323307,0.3292528457660703,0,19,4,0,0,1,0,0
70.65807372432405,39.62416222970549,0.063965262052487,0,20,4,1,0,0,0,0
16.560396381973245,94.98701866123818,0.1729678782624287,0,21,4,0,0,0,0,1
36.87248196812679,70.949036627234,0.9579481005143656,0,22,4,0,0,0,0,1
37.97774880715161,65.07165073329853,0.8398890363857324,0,23,4,0,1,0,0,0
37.40762141397819,87.84367671643805,0.6381432315674004,0,0,5,0,0,1,0,0
27.459895442013668,96.1462465106588,0.4297705660959885,0,1,5,0,0,1,0,0
16.468824479692067,91.1933076822215,0.4491231704158719,0,2,5,0,0,0,1,0
95.81318706963296,98.62431306543851,0.4188655842737862,0,3,5,0,0,0,0,1
63.47667766306569,69.26898129140069,0.9566960542981932,0,4,5,0,1,0,0,0
97.0655205171012,38.39751063654201,0.7962993717062002,1,5,5,0,0,0,1,0
13.592210306686386,72.0767151531791,0.3578208959090809,0,6,5,0,1,0,0,0
18.04295485910775,23.16580918170286,0.3581691063319129,0,7,5,0,1,0,0,0
57.400809663920754,96.99742620925753,0.3663305510153918,0,8,5,0,0,1,0,0
91.89645670792092,75.17795368204465,0.4797418085390359,0,9,5,0,1,0,0,0
67.30165835468443,71.27729966536388,0.8059953499461918,0,10,5,1,0,0,0,0
79.45616782324659,73.50579664763814,0.4466950064139259,0,11,5,1,0,0,0,0
74.59376570121384,95.81512850727324,0.1480582852993029,0,12,5,0,0,1,0,0
90.0500458660583,18.852697182192355,0.7304494846487675,0,13,5,0,0,0,0,1
71.65549550773102,13.294878186725366,0.966645463514096,0,14,5,0,1,0,0,0
76.74484865313467,70.84194087334146,0.9345265989340056,0,15,5,0,0,0,1,0
30.73140745162662,29.797542175411586,0.8713778981354636,0,16,5,0,1,0,0,0
13.94613717842646,10.976063792987292,0.0887224891439055,0,17,5,0,1,0,0,0
86.27614397676666,30.62781389727033,0.3804867275873326,0,18,5,0,0,0,1,0
39.15191297159039,86.27039905960704,0.5997076288705414,0,19,5,0,0,1,0,0
63.75541221221678,90.69366945616191,0.0525841195764624,0,20,5,1,0,0,0,0
13.936656978315106,97.45799845652886,0.1324130798457156,0,21,5,0,0,0,0,1
39.27911887178642,94.26044567659616,0.28161699231222,0,22,5,0,0,0,1,0
61.29285089639624,65.20547785019431,0.0361401268487941,0,23,5,0,0,0,1,0
61.5850254830433,58.92672040602855,0.9644991055160976,0,0,6,1,0,0,0,0
25.80762678101,81.998406792034,0.1764083665963066,0,1,6,0,0,0,0,1
60.1627950076116,46.79083873431522,0.829296851161239,0,2,6,1,0,0,0,0
73.95115480743799,11.414754823886248,0.1556446845128487,0,3,6,0,0,0,0,1
41.600666147750765,39.746571370799046,0.7831297143194322,0,4,6,0,0,0,1,0
77.50218977872183,69.42652625711786,0.4507371718071249,0,5,6,0,1,0,0,0
60.700759795200256,74.8024137001501,0.3540911370424252,1,6,6,0,0,0,1,0
10.867087743046213,11.135024291276173,0.6543579686540659,0,7,6,0,1,0,0,0
78.69908198812801,78.7926566816262,0.0924698674989543,0,8,6,0,0,1,0,0
13.562991257277996,73.35801855325286,0.8635439599431781,0,9,6,0,1,0,0,0
61.40287558718099,19.79428898571563,0.6459808078950701,0,10,6,0,0,0,1,0
68.40522340995258,52.57391797925766,0.1032059291351714,0,11,6,0,1,0,0,0
59.45638923887482,87.946838800399,0.7811165111485706,0,12,6,0,0,0,0,1
94.570751399094,45.34907934754776,0.3867848646906189,0,13,6,0,0,0,0,1
81.56433192297125,49.02599806311397,0.2741100007272282,0,14,6,0,0,1,0,0
58.42056072628485,76.7891524120786,0.3144079950434221,0,15,6,0,0,0,0,1
48.04486290773334,57.25912840477829,0.2883373503010789,0,16,6,1,0,0,0,0
27.51230202452078,21.239305903956133,0.3227980839253159,0,17,6,0,0,1,0,0
67.03130270994141,79.3765145476943,0.970049124736776,0,18,6,0,1,0,0,0
78.56207411278741,52.47637817645349,0.8581859979634036,1,19,6,0,0,1,0,0
81.95667521729543,75.32893871990358,0.4463273030715393,0,20,6,1,0,0,0,0
66.22278769805163,76.76865855547618,0.1168631146102391,0,21,6,0,0,0,0,1
43.288425940630695,87.13835924679432,0.2473200050082087,0,22,6,0,1,0,0,0
91.44727683785102,33.346974587766816,0.0498583601810919,0,23,6,0,0,0,1,0
98.68616371418082,79.684500917319,0.4855999522759509,0,0,0,0,0,0,0,1
84.03821814533373,21.68077849155916,0.0865758331665561,0,1,0,0,1,0,0,0
26.705903742573543,78.78591569653737,0.8576199416102118,0,2,0,0,1,0,0,0
95.66715462171436,66.7376965174679,0.3073939306775677,0,3,0,0,1,0,0,0
53.84797949558436,47.443041935154895,0.210648526054667,0,4,0,1,0,0,0,0
67.7566473614084,17.36876575850654,0.0590292986848037,0,5,0,0,1,0,0,0
68.86554660517089,56.889921501141245,0.0177160412981203,0,6,0,0,0,0,0,1
32.334368575520536,22.120892689336657,0.681498050466276,0,7,0,0,0,0,1,0
87.0159324540077,41.46857357472534,0.9854105185705414,0,8,0,1,0,0,0,0
34.528113601375296,13.871281828809789,0.7622048594652203,0,9,0,1,0,0,0,0
72.13258352324524,29.67925462704473,0.9392161655993088,1,10,0,0,0,0,0,1
55.797695917609126,10.9730234023345,0.1883338580116202,0,11,0,0,1,0,0,0
26.44706544020341,94.0622960105692,0.2589414407353841,0,12,0,0,0,1,0,0
99.7192337077914,51.6073040765863,0.9585613328123336,0,13,0,1,0,0,0,0
39.30443808666833,70.86813431740313,0.4745197026132388,0,14,0,0,1,0,0,0
48.95945026618623,14.748967417508124,0.3279132217069292,0,15,0,0,0,1,0,0
98.73461898413122,62.37409427812566,0.0452476378006632,0,16,0,0,1,0,0,0
69.33327246195044,35.94577240035858,0.8934789871384754,0,17,0,0,0,1,0,0
65.34894374447977,56.4273949545298,0.9122973990642969,0,18,0,0,0,0,1,0
69.82507207727988,33.87630498125569,0.4038264321080043,0,19,0,0,0,0,1,0
46.17260059157836,23.30991586673956,0.8944399270078037,0,20,0,0,1,0,0,0
55.20400597044325,25.29149584461545,0.0897404131770416,0,21,0,0,0,0,1,0
53.97929249001216,52.565828289984246,0.3351857633051895,0,22,0,0,0,0,1,0
45.00641711892598,77.85459460480482,0.5722681836455746,1,23,0,0,1,0,0,0
27.18554242606038,59.1248358630428,0.2720936802463285,0,0,1,0,0,1,0,0
25.420517132167863,69.93087011641819,0.5157654931543152,0,1,1,0,1,0,0,0
48.2529491789015,92.35937017351696,0.1344724121321731,0,2,1,1,0,0,0,0
38.65841154384127,24.898259397715726,0.1745842508047409,0,3,1,0,0,0,0,1
66.64627231049542,65.35616715581493,0.2188798757268968,0,4,1,0,0,0,0,1
67.64191353460876,99.04387605443804,0.2187786756626317,0,5,1,0,1,0,0,0
95.63285443399356,64.90209134121136,0.7866977743196337,0,6,1,0,0,0,1,0
81.69004135988487,90.59198940509926,0.0065898600587622,0,7,1,0,0,1,0,0
60.724694915321855,52.49254177338928,0.0271173542793712,0,8,1,0,1,0,0,0
60.55808100557361,21.65134654738703,0.8702311777696006,0,9,1,0,0,0,1,0
38.533109535613626,78.56612335127426,0.6493666203166822,0,10,1,0,0,0,1,0
39.64193470676073,80.25449380538134,0.7074811593133916,0,11,1,1,0,0,0,0
52.32859080638063,15.053521973225672,0.5105081670860443,0,12,1,0,0,0,0,1
61.157045133672426,96.62137605981933,0.281707456377549,0,13,1,0,0,0,1,0
74.41673714777123,92.88343588588074,0.8142113446109935,0,14,1,0,0,1,0,0
16.70607949337328,96.46532589209308,0.7633935853704387,0,15,1,0,0,0,1,0
23.740319049622585,71.3379670683811,0.5556280311853758,0,16,1,1,0,0,0,0
72.19579593152234,64.84821624051361,0.4558990958760039,0,17,1,0,0,0,0,1
63.92237414443909,79.51078292588622,0.275612962520994,0,18,1,0,0,1,0,0
32.121734238901404,35.66109499785723,0.3485183802706245,0,19,1,0,1,0,0,0
61.32263139109206,34.53383406995822,0.9916263388452976,0,20,1,1,0,0,0,0
54.47433021499057,18.327174054357272,0.387238274676982,0,21,1,0,0,0,1,0
27.336940402644966,11.86341116322519,0.2175426414356537,0,22,1,1,0,0,0,0
31.305825185224148,26.5734715248705,0.2022063741775694,0,23,1,1,0,0,0,0
41.54205962794481,29.782455750319624,0.4933083192807312,0,0,2,1,0,0,0,0
32.85924468136734,59.42213532077228,0.6120335137046751,0,1,2,0,0,0,0,1
71.23473259275752,10.317806918915364,0.3276545412729026,0,2,2,1,0,0,0,0
26.619459510326152,84.3166959270708,0.8640972249158761,0,3,2,0,0,0,1,0
56.27958729651075,36.15552839616184,0.74077886236982,0,4,2,0,0,0,0,1
79.5393640180564,27.51526729487366,0.6077520024600808,0,5,2,0,0,0,0,1
36.75441407266821,10.83104719865872,0.6208991111145831,1,6,2,0,0,1,0,0
58.17973707615728,30.82326807262543,0.0443423904348095,1,7,2,0,0,0,0,1
28.303899974374268,20.01826492292852,0.4031613295818237,0,8,2,0,0,1,0,0
35.92410077105648,59.425774167905104,0.9507628829289666,0,9,2,0,0,0,0,1
78.3127071416263,49.11928354400872,0.7328517217427827,0,10,2,0,1,0,0,0
35.05265258366971,27.226847422488543,0.783449780337816,0,11,2,0,0,0,0,1
70.79730570531635,41.09922893712948,0.4185392602509085,0,12,2,0,0,0,1,0
61.10932034404943,62.47164634932084,0.6520016060332727,0,13,2,0,0,1,0,0
56.754616986193845,87.47329707970232,0.6129715935210693,0,14,2,1,0,0,0,0
16.219860051456457,31.214831319840613,0.7701598012954176,0,15,2,0,0,0,1,0
10.802412944130907,61.90352457018726,0.7173568735458106,0,16,2,1,0,0,0,0
66.57002449606415,96.57198893334257,0.5867595351398335,0,17,2,0,0,0,0,1
26.13399219623217,37.99213522725594,0.5621896468421762,0,18,2,0,0,0,1,0
17.31735492821924,51.99564188670163,0.7037667679921972,0,19,2,0,0,1,0,0
75.32446317385762,61.43609226237128,0.2649763500619336,0,20,2,0,0,0,1,0
30.768477767337625,14.523521313976882,0.119439939441808,0,21,2,0,0,0,0,1
57.45622413714661,33.91358309691065,0.5873764896528769,0,22,2,0,0,1,0,0
73.3032970491333,78.97968795996621,0.8256869130953508,0,23,2,0,1,0,0,0
96.23321419600772,51.13891597355007,0.7572829171552454,1,0,3,1,0,0,0,0
77.3046654263469,69.59584396696133,0.9199520465471112,0,1,3,0,0,0,0,1
62.77388544748326,66.20543512364335,0.8946864965778659,0,2,3,0,0,0,1,0
56.5503597491276,58.01664841377381,0.3964009869235997,0,3,3,0,0,0,1,0
91.37503293179564,79.28311196441244,0.2961903751706429,0,4,3,0,0,0,0,1
35.15145130726461,16.92260058654751,0.4012329535232043,0,5,3,0,0,1,0,0
34.5208597441328,22.65471379806029,0.7979050029185851,0,6,3,1,0,0,0,0
95.32857784875084,12.048607534897886,0.6879926520485328,0,7,3,0,0,0,0,1
51.40358574104649,82.52626114093874,0.7405518810727442,0,8,3,0,0,0,1,0
20.66255752728149,67.96649542030532,0.3585527610416317,0,9,3,0,0,0,1,0
53.65543294021365,87.3613393910834,0.2610608466124333,0,10,3,0,0,0,0,1
46.2432624020462,55.29097105603493,0.4914997821568332,0,11,3,0,0,1,0,0
42.303801913906405,97.05791341411005,0.0525274265761928,0,12,3,0,0,0,1,0
98.06620816132504,25.14389827717285,0.1267893006667646,0,13,3,0,1,0,0,0
61.98793644916741,51.243510294736616,0.6907669459308304,0,14,3,0,0,0,0,1
15.083582510759244,50.70585723009551,0.8317042766387782,0,15,3,0,0,0,1,0
79.21418526693257,44.03294777488758,0.3718737635846537,0,16,3,1,0,0,0,0
14.325618955526988,18.86049746956485,0.1315993992700281,0,17,3,0,0,0,1,0
74.04598056616143,13.478672536399934,0.2694494353927176,0,18,3,0,0,0,0,1
13.775391834001596,74.97224620949478,0.7677320347425342,0,19,3,0,1,0,0,0
20.773444943242666,18.097908364235465,0.1150802937910266,0,20,3,1,0,0,0,0
76.94851055777721,83.10914211490532,0.0838056407330528,0,21,3,0,0,1,0,0
27.453116490888377,81.94669264544623,0.0069695841114257,0,22,3,0,0,0,0,1
61.47768761043001,18.370412411716973,0.2859944269610791,0,23,3,0,0,0,1,0
68.64043640103054,71.94075357934904,0.5813751838547687,0,0,4,0,1,0,0,0
39.75178064381655,84.89408519676891,0.3179432536869019,0,1,4,0,0,1,0,0
84.98269506569027,26.085561852185347,0.7364416334829819,0,2,4,0,0,0,0,1
29.291555935495328,65.299832246262,0.781144516158459,0,3,4,0,0,1,0,0
22.18984231519618,64.93988674382405,0.8705355626587007,0,4,4,0,1,0,0,0
64.22877239230128,45.88273508416468,0.6173716445774726,0,5,4,0,0,0,1,0
23.85431432932064,42.37126163650664,0.8085710538493318,0,6,4,1,0,0,0,0
85.9983524413847,16.026934488711962,0.8848376456935328,0,7,4,0,0,1,0,0
57.86994336632967,54.92016403904978,0.9389942798388944,0,8,4,1,0,0,0,0
88.09696867382264,75.78919810722196,0.3085432272629526,0,9,4,0,0,0,1,0
10.047488390659712,87.5490045213581,0.6342225001600693,0,10,4,0,1,0,0,0
24.83845006368293,36.01745612017183,0.8321666241180627,0,11,4,0,0,0,1,0
47.84508341466206,49.45731634253127,0.7269899136620447,0,12,4,0,1,0,0,0
14.615120532256274,94.55363187178202,0.3551479335481227,0,13,4,1,0,0,0,0
60.68884239418577,12.067869544491092,0.5369987811207021,0,14,4,0,0,1,0,0
61.232174778009686,24.06076457273275,0.6319375532388383,0,15,4,1,0,0,0,0
93.37250431864632,59.29937764417035,0.9565005520133336,0,16,4,1,0,0,0,0
95.76692181306092,47.67133353601729,0.0665114211885339,1,17,4,1,0,0,0,0
61.88904454076027,34.97478548680935,0.7919936977724671,0,18,4,0,0,1,0,0
70.86740450604661,28.35578214518485,0.2217574129478223,1,19,4,0,0,0,0,1
70.95760928948519,70.81285453080936,0.0127601291087956,1,20,4,0,0,1,0,0
47.59519154883488,51.916807419107215,0.9480732830039864,0,21,4,0,0,1,0,0
84.74839337828455,94.06588628576188,0.4041609764191658,0,22,4,0,1,0,0,0
64.2996060597047,64.06478658704091,0.7985862568880285,0,23,4,0,0,0,1,0
59.06558827131725,53.56586867960771,0.148080122369467,0,0,5,0,0,1,0,0
59.40095528433461,21.958819772538543,0.0749136948288784,0,1,5,0,0,0,0,1
26.18399976018048,81.11241003559783,0.3973709630787997,0,2,5,0,0,0,0,1
69.1723428057365,55.87043537190193,0.4931273104496825,0,3,5,0,0,1,0,0
60.74497628008697,48.30064943325625,0.701630082157656,0,4,5,1,0,0,0,0
60.98699494097934,10.143338817560196,0.0533305034619242,0,5,5,0,0,0,1,0
99.61607032247228,39.32528732599576,0.8573620194529876,0,6,5,0,0,1,0,0
84.49928399139073,45.51139833022316,0.3375587054538276,0,7,5,0,0,1,0,0
37.87307960365036,38.54509215572581,0.8582937624628676,0,8,5,1,0,0,0,0
38.69316720496097,75.64047375168997,0.6594189574982317,0,9,5,1,0,0,0,0
45.02844839488476,55.28799945162703,0.982233144189468,0,10,5,0,0,1,0,0
66.4761842492444,76.78513201977871,0.1976974189811654,0,11,5,0,1,0,0,0
74.41312191791293,54.42464188670317,0.1012959291600077,0,12,5,0,1,0,0,0
43.45501371682296,81.38910741573,0.1252676286090109,0,13,5,0,1,0,0,0
28.343420494036856,76.11121319258898,0.6250968090329804,0,14,5,1,0,0,0,0
70.0043034747928,70.42955478894876,0.1457623571613654,0,15,5,1,0,0,0,0
89.08776661986285,49.05614324658684,0.0345541173441893,0,16,5,0,0,1,0,0
66.08579500983927,24.820314458083818,0.6253730433627112,0,17,5,0,0,0,0,1
76.34999350541855,70.79176647757191,0.5964349376833589,0,18,5,0,0,0,1,0
60.30707463914428,32.22567447496344,0.2471082532989105,0,19,5,0,1,0,0,0
33.61255713368315,50.06525560315955,0.2007972409097866,0,20,5,0,0,0,0,1
41.6707105414218,50.13305863195163,0.1206256230589088,0,21,5,1,0,0,0,0
47.12640903265764,46.65509369277571,0.2317961719565775,0,22,5,0,0,0,0,1
41.70586082062327,16.47168996025796,0.2031701732377904,0,23,5,0,1,0,0,0
42.32811860407804,76.53717232554115,0.3558289373794184,0,0,6,0,0,0,0,1
71.7368591339746,30.772897574209527,0.5059911088157398,0,1,6,1,0,0,0,0
72.73147248409899,40.85281886146893,0.4523257975361026,0,2,6,0,1,0,0,0
61.1365320200304,78.34675383654434,0.8304072019778352,1,3,6,0,0,0,0,1
40.658978551453465,81.51690624537433,0.2389827192029654,0,4,6,0,0,0,0,1
38.31991504407297,80.29202973692207,0.6574015327292173,0,5,6,0,0,1,0,0
67.84335713396852,66.11186189624263,0.8735608699390411,0,6,6,0,0,0,0,1
39.31159079569777,24.225467946636424,0.8904604827989656,0,7,6,0,1,0,0,0
70.5201057693231,20.702028708496577,0.9141230022181618,0,8,6,0,1,0,0,0
81.39167697229831,91.15475103388754,0.1124166383578301,0,9,6,0,0,1,0,0
41.02830654379494,50.12328348996043,0.8685587035542267,0,10,6,0,0,1,0,0
63.45304123221416,66.69191083460314,0.1378371338847532,0,11,6,0,0,1,0,0
71.95418453277574,77.0163722859036,0.5466640066642461,0,12,6,0,0,1,0,0
74.94314154163287,88.1879998273516,0.5092080013671066,0,13,6,0,0,0,0,1
29.137192085767744,49.654678943224354,0.4006211268586439,0,14,6,0,0,0,1,0
30.41243738991644,13.28764210371413,0.4110693200572858,0,15,6,1,0,0,0,0
94.34946872070527,79.80653967411521,0.6580933392057444,0,16,6,0,1,0,0,0
25.562897726593995,43.597486396286506,0.3731622790520421,0,17,6,1,0,0,0,0
95.69370268467728,50.65348135200409,0.5256057278248182,0,18,6,0,1,0,0,0
35.73345140902997,20.487632435112,0.6095947677499761,0,19,6,0,0,1,0,0
60.52724778740764,29.464748047988685,0.8882806622102359,0,20,6,0,1,0,0,0
16.55367815863712,78.81163469564767,0.4077261993297481,0,21,6,1,0,0,0,0
27.254337830091647,47.17712118879283,0.3316617184053101,0,22,6,0,0,1,0,0
31.80425218452422,96.6389149336172,0.3798793049355229,0,23,6,0,0,1,0,0
55.76476528750271,49.53962600618495,0.6710949995552724,0,0,0,0,1,0,0,0
72.91097613446743,77.12273560023978,0.2029273666653296,0,1,0,1,0,0,0,0
71.02737815902991,98.86850261177064,0.3369032333058752,0,2,0,0,0,0,1,0
25.85006970131933,75.98942995326075,0.4087914562083208,0,3,0,0,0,0,0,1
94.52284775775556,34.18003279084542,0.3017852440059573,0,4,0,0,0,0,0,1
71.88748429042212,93.19802228295498,0.7009297040106874,0,5,0,0,0,1,0,0
60.77755146349649,39.08024183730484,0.6472340686647303,0,6,0,1,0,0,0,0
83.56995599613906,93.74254728773693,0.758218468358575,0,7,0,0,1,0,0,0
36.838900427625575,85.51239290310919,0.5825710700212284,0,8,0,0,0,0,1,0
30.505413673611777,29.309316594422505,0.3111348930426981,0,9,0,1,0,0,0,0
15.699212220552296,21.95823269228834,0.0051582175451717,0,10,0,0,0,1,0,0
97.54709538756718,54.49466257076344,0.8742499637987547,0,11,0,1,0,0,0,0
28.91461795734177,90.38738784904037,0.8473010398309025,0,12,0,1,0,0,0,0
40.36412587140183,35.656275622613975,0.4686762984940886,0,13,0,0,1,0,0,0
71.44717321901103,53.71305743046974,0.7783585841491674,0,14,0,0,0,0,1,0
94.81678805829148,12.078964200398689,0.6492773003309911,0,15,0,0,0,0,0,1
73.49337233388856,11.86989716253304,0.1610102850641417,0,16,0,0,1,0,0,0
60.43128926324833,64.46677075330743,0.868924936481251,0,17,0,0,0,1,0,0
23.412394540837305,85.03298823557836,0.1298690814728298,0,18,0,0,0,0,1,0
60.60671051232616,73.9220435199139,0.3912918746212878,0,19,0,0,0,0,0,1
83.55191142615169,54.94551194013814,0.4430814702677387,0,20,0,0,0,1,0,0
16.358985768519588,37.19806891189177,0.4128823199735548,0,21,0,0,1,0,0,0
28.04993891463165,46.3097495781524,0.3427835466170711,0,22,0,0,1,0,0,0
83.24582001706487,93.33582376428096,0.93154552891716,0,23,0,1,0,0,0,0
12.826814822817395,34.311791443000004,0.5852580309755736,1,0,1,0,0,0,1,0
25.0084947085094,84.20239258527035,0.1611616254570316,0,1,1,0,0,1,0,0
98.3970945564576,61.27777287808618,0.5144737947345454,0,2,1,1,0,0,0,0
86.78591683383922,94.17463250759084,0.5284648108863889,0,3,1,0,0,1,0,0
98.50040705533956,98.81986154027904,0.01410023789981,0,4,1,0,0,0,1,0
69.88048811693454,98.46506212715911,0.0304469389906831,0,5,1,0,0,0,0,1
58.78615442613221,28.157020764165203,0.3647035788076702,0,6,1,0,0,1,0,0
76.9300755910293,55.21552027104936,0.828533445058327,0,7,1,1,0,0,0,0
84.73217509479606,10.057863646142923,0.6274631866940125,0,8,1,1,0,0,0,0
14.19155734948768,76.2766117703057,0.6267284710613488,0,9,1,0,0,1,0,0
41.354180924006975,66.2294875840379,0.1949825658110274,0,10,1,0,0,0,1,0
79.33627628450796,38.9607820625247,0.0069085722737294,0,11,1,0,0,0,1,0
26.24046796545926,59.356758088435065,0.1718558466600286,0,12,1,0,0,0,0,1
66.95973903298082,70.78871654649292,0.0094157837887031,0,13,1,0,0,0,0,1
17.825253318757426,82.32764565165749,0.9615069742223832,0,14,1,0,0,1,0,0
65.62243454329231,89.1055138692098,0.3375821275380801,0,15,1,0,0,0,1,0
52.91248936316756,33.55701585109611,0.5195159613350959,0,16,1,0,1,0,0,0
54.95473462280644,17.4792547126216,0.5636475976544718,0,17,1,0,1,0,0,0
57.04065911383756,92.36977334658442,0.221038682624785,0,18,1,0,0,0,0,1
11.567143945631798,20.79480941546964,0.6339060442714397,0,19,1,1,0,0,0,0
50.4900697444044,79.88756388926207,0.3775572655238359,0,20,1,0,0,1,0,0
26.73357583443433,77.48594613374806,0.0969676580796811,0,21,1,0,0,0,1,0
70.34986000122497,56.42352713106991,0.668503877155413,0,22,1,0,1,0,0,0
82.1111607613807,15.163433260690956,0.044166624020332,0,23,1,0,0,0,1,0
26.719047821992245,66.28975654227833,0.2401035523725546,0,0,2,0,0,0,1,0
31.73638733357744,60.814902227196114,0.974277996904349,0,1,2,0,1,0,0,0
23.73086258823552,57.753818183479325,0.4812591323208441,0,2,2,0,0,1,0,0
44.49934478211936,88.25312681234051,0.7285287577126686,0,3,2,0,0,0,0,1
20.32425877023761,13.179436933907718,0.8830880059666149,0,4,2,0,0,0,1,0
38.41693891133238,79.49662316110677,0.6005404852186255,1,5,2,1,0,0,0,0
90.96302095740636,35.00140428242311,0.5237677146618158,0,6,2,1,0,0,0,0
86.5937053715803,87.64706513485294,0.281835867113636,0,7,2,1,0,0,0,0
59.292725283190485,94.52720429262942,0.8726630093340163,0,8,2,0,1,0,0,0
92.38660636515849,91.34460458205795,0.386953239126781,0,9,2,0,0,1,0,0
48.00091682800642,97.04398304186093,0.338016679808673,0,10,2,1,0,0,0,0
76.41250123375404,35.906013786922166,0.8195610642467348,0,11,2,0,0,0,1,0
12.79231871756009,55.91742368489551,0.2337893882020584,0,12,2,0,0,0,1,0
21.93791661410581,86.8363757086116,0.3686420002198971,0,13,2,0,0,1,0,0
73.16714728850143,33.6914080147524,0.7210381867523538,0,14,2,0,1,0,0,0
62.874333971672,59.631169460802525,0.0469248431029969,0,15,2,0,1,0,0,0
12.95472549914229,68.98309529639025,0.8766561963606543,0,16,2,0,0,0,1,0
11.167088142720043,85.08506109754073,0.5258094625332785,0,17,2,0,0,1,0,0
76.89786951844191,55.72748196444231,0.8466362648355847,0,18,2,1,0,0,0,0
63.342656568436645,52.93669296798137,0.7841076684132207,0,19,2,0,1,0,0,0
62.90008313642736,52.4160660929501,0.9348507665803928,0,20,2,0,0,1,0,0
82.94038053812939,63.639157092267126,0.8019799729662566,0,21,2,0,0,0,1,0
58.10792253138713,17.641142317760245,0.9338780219683108,0,22,2,1,0,0,0,0
10.58886273242011,13.352825271576574,0.0314172736699124,0,23,2,0,0,0,1,0
73.61390202453833,47.84000801700508,0.071081058330728,0,0,3,0,1,0,0,0
35.290104499573374,12.811154127567958,0.931140005866545,0,1,3,0,0,0,1,0
40.22710518557125,60.05883679842616,0.3161546261299969,0,2,3,0,0,0,0,1
83.69207703681916,23.3046139889796,0.4147382952388698,0,3,3,0,0,0,1,0
27.578224851691395,57.62801474687827,0.4154593404725986,0,4,3,1,0,0,0,0
53.23106554463996,44.4946875885166,0.2487087567939133,0,5,3,1,0,0,0,0
44.86059945676822,71.39490628695674,0.2480703985398326,0,6,3,1,0,0,0,0
15.721131427539593,55.76670588526584,0.2239728305610212,0,7,3,0,0,0,0,1
96.77041059859228,58.74144774641283,0.7598616632848315,0,8,3,0,0,0,1,0
88.22726088325255,77.05180171622311,0.4376424171959825,0,9,3,1,0,0,0,0
39.62535994411866,13.272450742726177,0.8107127683094543,0,10,3,0,0,1,0,0
91.1696888971712,96.0326567388867,0.3267347500625877,0,11,3,0,0,0,1,0
62.87616987614589,44.707442062607065,0.772037324050903,0,12,3,0,0,0,0,1
47.28406366967809,91.2480973104991,0.953843575921074,0,13,3,1,0,0,0,0
57.86820257846373,49.03884567172364,0.1589909742837219,0,14,3,0,0,0,0,1
19.423373683323028,26.20528237108092,0.8002727183113773,0,15,3,0,0,0,0,1
54.46741969722593,53.3480982900664,0.8069519363247476,0,16,3,1,0,0,0,0
47.2247769165285,42.845963719216265,0.2191924442418531,0,17,3,1,0,0,0,0
64.7020765138534,87.58507248999499,0.3483601080693872,0,18,3,0,0,1,0,0
54.66513489536387,75.82077035751816,0.1169527989236673,0,19,3,0,1,0,0,0
93.94593260347892,24.96992408493694,0.0714675533163863,0,20,3,0,0,0,0,1
69.7694462534096,73.92469444366051,0.4035191003752475,0,21,3,1,0,0,0,0
40.104020200685696,98.07924918264038,0.61037694535367,0,22,3,1,0,0,0,0
60.89811247736398,76.64636022941446,0.5808139778976218,0,23,3,0,1,0,0,0
44.37900942452836,48.91908225486959,0.4932231842612283,0,0,4,0,1,0,0,0
70.04776805143774,98.51810619237244,0.7061402300427333,0,1,4,1,0,0,0,0
36.97154016926994,75.55592369606184,0.5215151917824524,0,2,4,0,0,0,1,0
12.787029418188828,18.228977090203863,0.5399504949598766,0,3,4,0,0,0,0,1
58.70630745788713,43.9710792610713,0.0431398897688446,0,4,4,0,0,1,0,0
45.96479075728064,76.34450065125682,0.2820832692179645,0,5,4,1,0,0,0,0
22.088313163352225,99.78432334104625,0.7338489096162989,0,6,4,0,0,1,0,0
95.79803309772218,30.08067570009432,0.1961923594031581,0,7,4,0,0,0,0,1
19.07706730811892,23.859270314003528,0.8006561489414211,0,8,4,1,0,0,0,0
61.482473424574415,34.818813933039934,0.6757477268047949,0,9,4,0,0,1,0,0
69.91745393115764,16.834526209015557,0.3515756114166093,0,10,4,0,0,1,0,0
17.903935219000818,29.26918585734194,0.7727275538583714,0,11,4,0,0,0,0,1
22.27135442311328,59.67109549021307,0.4942559626588434,0,12,4,0,0,1,0,0
21.08546901703194,52.54831730003369,0.4786464276361842,0,13,4,0,0,0,0,1
32.92013195873318,80.31494214920204,0.1591698486560371,0,14,4,0,0,1,0,0
38.411192485188,72.22326538432765,0.8041714286503358,0,15,4,0,0,0,0,1
69.39748498852232,19.18059204736145,0.3302037132127945,0,16,4,0,0,0,0,1
65.61696394010804,56.83343011703311,0.199885053475984,0,17,4,0,1,0,0,0
25.40830020808809,60.60527992897917,0.2560597429293317,0,18,4,0,0,0,0,1
67.29044394590485,21.63628002156784,0.093706877838776,0,19,4,1,0,0,0,0
91.6907402268582,80.56381315391081,0.3759062247125273,0,20,4,0,0,0,0,1
77.4561808153056,87.96458747932651,0.9545849819219668,0,21,4,0,0,0,1,0
45.158314001601454,72.76321184049728,0.6785648733531388,0,22,4,0,1,0,0,0
93.49535668273188,10.905845947871857,0.5714744224253233,0,23,4,0,0,1,0,0
53.931161018025975,41.78574540544385,0.485176949493743,0,0,5,0,0,0,0,1
81.71166645699894,88.89654527087248,0.5391930404729627,0,1,5,0,0,1,0,0
59.46381398714095,77.98288716478888,0.7511914943522533,0,2,5,0,0,0,0,1
14.139387559786153,91.6641527939692,0.2106717023337655,0,3,5,0,1,0,0,0
61.48081498804065,55.99920313978915,0.6863024647194603,0,4,5,0,0,1,0,0
56.79197048335646,23.45026384021462,0.9059701878428492,0,5,5,0,0,1,0,0
54.78567418688587,29.485434421487906,0.2556055258502914,0,6,5,0,0,1,0,0
23.521178993762483,42.08658989934876,0.358194862777846,0,7,5,0,0,0,0,1
57.82044734885588,64.97010131569849,0.6472169153955154,0,8,5,1,0,0,0,0
47.31206587825806,21.796197745089465,0.6932420142873471,0,9,5,0,0,0,0,1
25.03864028565554,45.52564850769525,0.8925939828354749,0,10,5,1,0,0,0,0
19.74409229922852,74.36791474172722,0.3343613352889214,0,11,5,0,0,0,0,1
63.14752710370071,19.508543963332247,0.173290010578529,0,12,5,0,0,0,1,0
77.02315549089194,58.71501977905394,0.6302915926782255,0,13,5,0,0,1,0,0
42.6041988042216,49.41620363376524,0.3250686913417957,1,14,5,0,0,1,0,0
98.59494640028537,45.505085906455086,0.6238651273078697,0,15,5,0,1,0,0,0
29.32097037446717,72.13402240525451,0.5216001080391224,0,16,5,1,0,0,0,0
26.18436652741295,65.68261892111595,0.933887483919026,0,17,5,1,0,0,0,0
10.933045904656083,77.91709089903293,0.1649689650904061,0,18,5,0,0,1,0,0
53.8004241417046,66.31709715541066,0.2524872978016569,0,19,5,0,0,0,1,0
28.32936501855892,51.65768770234823,0.4390107433850064,0,20,5,0,0,0,0,1
76.27368428978873,45.90027099168569,0.143270469987192,0,21,5,1,0,0,0,0
39.82600629262846,99.16801168992616,0.2726297489815542,0,22,5,0,0,1,0,0
70.00810139898996,75.62932808638742,0.7471238062986284,0,23,5,0,0,0,0,1
89.71731744470446,29.501643167539346,0.6645510965352156,0,0,6,1,0,0,0,0
27.25454050385736,32.12537893165401,0.3017661210442771,0,1,6,0,1,0,0,0
42.27816571071364,67.39074019819041,0.3309947313543306,0,2,6,0,0,0,1,0
57.13668560793148,28.47403121032192,0.4691574673531847,0,3,6,0,0,1,0,0
81.49987554510696,36.28961236138732,0.5016200072084841,0,4,6,1,0,0,0,0
49.1099285143028,21.968376497985467,0.264070039171332,0,5,6,0,0,1,0,0
42.02200366989237,76.87093769792966,0.2721990921548431,0,6,6,0,1,0,0,0
80.51907113899962,97.24429792666592,0.9182304981561936,0,7,6,1,0,0,0,0
95.2233254396807,44.07973869795079,0.4595266917617078,0,8,6,0,0,1,0,0
77.11603142702253,28.86185266819369,0.191402885678013,0,9,6,1,0,0,0,0
59.58695557387782,80.17991437866195,0.1822368184383684,0,10,6,1,0,0,0,0
44.12676518046912,22.02946182203776,0.5851802736554172,0,11,6,0,1,0,0,0
69.23669463993528,80.31781130411882,0.4805409002380162,0,12,6,0,0,1,0,0
44.09464247346977,77.2385186191252,0.5685122195832132,0,13,6,1,0,0,0,0
99.7753583900932,49.85472624403858,0.8320117134465028,0,14,6,0,0,0,0,1
52.99118399043776,20.295347919606144,0.4768124088601617,0,15,6,0,0,0,1,0
68.36571539188091,46.78951927456144,0.8104288293091033,0,16,6,0,0,1,0,0
12.301068214462283,71.10757833788674,0.827116638876693,0,17,6,0,0,0,0,1
98.64640220462732,14.024762382450913,0.3061671106089534,0,18,6,1,0,0,0,0
85.31413995164209,76.1251576888117,0.4135308269157837,0,19,6,0,0,0,1,0
21.032649355713,25.07008358563905,0.3586166662378,1,20,6,1,0,0,0,0
82.00373953388333,31.6140354559968,0.9527556188400648,0,21,6,1,0,0,0,0
82.16413416183838,64.56228438413495,0.7647580142112145,0,22,6,1,0,0,0,0
30.561099365798057,42.93345792371143,0.8539408620605459,0,23,6,0,0,0,1,0
52.69894800838486,35.565541733174896,0.2890093311778844,1,0,0,1,0,0,0,0
66.54225115991392,22.58265333635443,0.2028945147901161,0,1,0,0,0,0,1,0
66.48799723490322,14.597041829893008,0.1450040052616865,0,2,0,0,1,0,0,0
74.17323414002594,55.25302445396565,0.2638992188683519,0,3,0,0,0,0,1,0
66.24446927138561,58.845687841143416,0.7081166726390359,0,4,0,1,0,0,0,0
18.424787046927303,57.22281084326793,0.065989495975014,0,5,0,1,0,0,0,0
96.40709405350066,98.8018167083342,0.0003129210023212,0,6,0,1,0,0,0,0
37.37105363161972,63.46213451883141,0.2511722043323737,0,7,0,1,0,0,0,0
57.89155841423759,49.08960789819064,0.3653544010626799,0,8,0,0,0,1,0,0
65.14444373979248,80.73234232826634,0.2611520209387087,0,9,0,0,0,1,0,0
50.9463446687639,28.1947094530454,0.7625315087868267,0,10,0,0,0,0,1,0
90.15169745639956,28.08181245957889,0.2527998087414366,0,11,0,0,1,0,0,0
49.695996077348,71.22961283863575,0.689377718975578,0,12,0,1,0,0,0,0
71.98504539358078,12.947838155574916,0.4503954900089659,0,13,0,0,0,1,0,0
39.17632975406391,12.481657914339143,0.0544760907055447,0,14,0,0,0,0,1,0
50.82386517906335,65.99753207862302,0.8192144188445474,0,15,0,0,1,0,0,0
85.30076766804406,73.61284284094162,0.108578431973914,0,16,0,1,0,0,0,0
80.89642698729558,45.70892854469648,0.7705794406270359,0,17,0,0,0,0,0,1
55.69524903185309,23.20161468546752,0.707336006974676,0,18,0,0,0,0,0,1
88.50391549409335,23.830703133369354,0.6157921144429012,0,19,0,0,1,0,0,0
75.88625236108902,60.08855743019992,0.4324468689113392,0,20,0,0,0,0,0,1
35.17601923028805,95.82571214849716,0.1710115790912348,0,21,0,0,1,0,0,0
62.98349325215778,90.20980446696748,0.2413802893802608,0,22,0,0,0,0,1,0
97.0455292967774,73.46425263287489,0.6122810354811906,0,23,0,1,0,0,0,0
76.76312543775113,86.65348344932752,0.0305014318747617,0,0,1,0,0,1,0,0
62.16550879121196,77.29106098329157,0.4535346052163812,0,1,1,0,0,0,0,1
28.500072838813903,34.84523603737763,0.925580638429988,0,2,1,0,0,0,0,1
39.91796998566471,27.27425252534787,0.7285583233202351,0,3,1,0,1,0,0,0
84.49886009864518,27.776210631878016,0.6151318749918973,0,4,1,0,0,0,0,1
78.29820914461888,66.42840133897653,0.8943598440260031,0,5,1,0,1,0,0,0
79.20261479658105,66.98557249521411,0.6783994733870634,0,6,1,0,1,0,0,0
50.31919078514007,70.96202152646335,0.7143370523798596,0,7,1,0,1,0,0,0
18.479134277595005,96.86197649100174,0.2951400443856831,0,8,1,0,1,0,0,0
55.648967645299344,75.70566038140832,0.8958436085336823,0,9,1,0,0,0,0,1
72.41360119397154,79.87859224113026,0.3281384083244372,0,10,1,1,0,0,0,0
74.32146924411033,63.01423970331876,0.6108114169536368,0,11,1,0,0,1,0,0
25.97962923980079,97.12673921424852,0.4570518240336341,0,12,1,0,0,0,0,1
70.54331536441717,68.27403800691818,0.7297890965313768,0,13,1,1,0,0,0,0
82.50807121975488,18.78711993666675,0.9740997104770862,0,14,1,0,0,0,0,1
57.87803871732218,73.96965272229485,0.043564933200842,0,15,1,0,0,0,1,0
27.87987923354001,33.885862957067665,0.9895083933199876,0,16,1,0,0,1,0,0
22.01321045011379,10.143274797457426,0.1232781302446439,0,17,1,0,0,1,0,0
14.71386198547468,89.72475793223832,0.6844904001802953,0,18,1,0,0,1,0,0
44.32303083127752,86.91609663853549,0.3896075179244328,0,19,1,0,0,0,0,1
93.92398331455088,24.23981157268908,0.0033134615369962,0,20,1,1,0,0,0,0
13.912774695481485,72.91096186749405,0.909676443687015,0,21,1,0,0,0,1,0
81.80865066013159,82.85202509457709,0.6614929579114033,0,22,1,0,0,1,0,0
49.6812699232487,60.49814143710503,0.4684326166652233,0,23,1,1,0,0,0,0
74.02517524763373,83.12195363634069,0.0187944115062532,0,0,2,0,0,0,1,0
71.2219055244872,28.88706840673035,0.3261839931966841,0,1,2,0,0,0,1,0
45.39753678823229,64.63368175495438,0.6413030905263242,0,2,2,0,0,0,0,1
68.30467542833836,94.80117505157018,0.2655540349578368,0,3,2,0,0,0,0,1
30.699545031070528,80.11902469129403,0.8398100954746966,0,4,2,0,0,1,0,0
55.29436013469146,36.05423423201009,0.7108090523094975,0,5,2,0,1,0,0,0
58.881829218778016,49.12298790567034,0.5489740627530201,1,6,2,0,1,0,0,0
26.436080264307773,85.80333328900018,0.9860397382767035,0,7,2,1,0,0,0,0
90.48071057199276,71.4622660268702,0.2494273555152583,1,8,2,0,1,0,0,0
90.60563652231846,90.01981973137339,0.5122600501751468,0,9,2,0,0,1,0,0
88.34186423374305,35.53622466237405,0.6463709162458597,1,10,2,1,0,0,0,0
36.90222620760606,61.05825497080078,0.8067575236349557,0,11,2,0,0,0,0,1
16.182846568927204,33.42063794967267,0.2607989175769328,0,12,2,0,0,1,0,0
11.564836282866452,30.22084017540379,0.291309745415711,0,13,2,1,0,0,0,0
14.560537509054024,59.31212836896322,0.2283551215387463,0,14,2,0,1,0,0,0
40.83608859104079,10.230726644705085,0.8181341312113436,0,15,2,0,1,0,0,0
10.980455323300587,97.42511636370944,0.5704239074602406,0,16,2,1,0,0,0,0
68.16151267115706,39.02570619957358,0.1065930291717927,0,17,2,0,0,0,1,0
51.20871487556867,96.44332488760357,0.3011369182862841,0,18,2,1,0,0,0,0
30.79084603660721,66.39535273910974,0.6045326052833953,0,19,2,0,0,0,1,0
30.65272139730061,36.53461967573059,0.3731841554485576,0,20,2,0,0,1,0,0
77.36867757108365,32.674715832902635,0.6589019215745976,0,21,2,1,0,0,0,0
75.26230757258354,99.0951514498993,0.8405061748157093,0,22,2,1,0,0,0,0
91.4805744361771,13.859496373981589,0.6731950403866196,0,23,2,0,0,0,0,1
55.15725947347897,93.4853268222084,0.1469607039043922,0,0,3,0,0,0,1,0
25.5487291410875,62.08117630253874,0.3398546091264148,0,1,3,0,0,0,1,0
96.58421668519038,99.13454677927696,0.1142094134989581,0,2,3,0,1,0,0,0
28.21936015497701,58.85787926940827,0.9482805982293544,0,3,3,0,0,1,0,0
81.21645066050094,85.23285274883663,0.3857983422705521,0,4,3,0,0,0,0,1
52.32636056805466,95.74381607726508,0.1405323146968852,0,5,3,0,0,0,0,1
42.32786546597519,56.75233728488749,0.2274199087290001,0,6,3,0,1,0,0,0
79.37134605324061,50.69065748740078,0.6431756677050152,0,7,3,0,1,0,0,0
11.705082409397097,71.57334690739006,0.5219771425792494,0,8,3,1,0,0,0,0
93.76508796403708,20.781627414979045,0.2784227728971279,0,9,3,0,1,0,0,0
83.14607235416698,55.8338310145598,0.589710102116919,0,10,3,0,0,1,0,0
81.49217872125034,48.97803758936727,0.8601626136563015,0,11,3,1,0,0,0,0
27.77692981290428,18.289408193294182,0.203641573116925,0,12,3,0,0,1,0,0
99.87930230728328,92.94283383592844,0.181264582042527,0,13,3,1,0,0,0,0
62.42142695281371,93.2593712796568,0.9170468484179688,0,14,3,0,0,1,0,0
87.31040281854852,43.53731819032919,0.4171108474171109,0,15,3,1,0,0,0,0
30.9802390482118,46.04417197679019,0.9615520952201028,0,16,3,0,0,0,0,1
79.32819585918911,45.25970332313416,0.7288229515947116,0,17,3,1,0,0,0,0
61.06243509196435,27.72996607250687,0.3880430424603808,0,18,3,0,0,0,1,0
73.44126228893867,80.15488067358145,0.7891194333920231,0,19,3,0,0,1,0,0
67.27985921251647,40.902286825448925,0.027235597018043,0,20,3,0,0,0,1,0
54.797029357519904,77.273254801297,0.6948161597871271,0,21,3,0,0,0,0,1
25.04495445157386,49.86299155902689,0.668355416992461,0,22,3,0,1,0,0,0
75.84935112303506,15.899838874729555,0.3746956579985752,0,23,3,0,0,1,0,0
85.17938662507261,13.865181883980757,0.9825403046230244,0,0,4,0,0,1,0,0
62.48034582066848,88.29484785761717,0.4326278724535232,0,1,4,0,0,0,1,0
28.508000375078176,58.87925925236743,0.8780403094266206,0,2,4,0,1,0,0,0
52.44516410974352,53.1674967961514,0.7511501521170622,0,3,4,0,0,0,1,0
49.48630478596331,73.60458837164549,0.0926045563854857,0,4,4,0,1,0,0,0
91.06378341479328,91.20817696178769,0.2841589979193659,0,5,4,0,0,0,0,1
72.21970365622698,68.54113685689364,0.0766758506966002,0,6,4,0,0,1,0,0
68.50324359070589,30.29437716848944,0.4291410808335154,0,7,4,0,0,1,0,0
70.9884772362866,98.11179383531716,0.5805274746602067,0,8,4,0,0,0,1,0
84.6029052697291,86.59049844808884,0.6129812936163486,1,9,4,0,1,0,0,0
42.8212846728405,50.19969174952963,0.3707223197853899,0,10,4,0,0,1,0,0
86.18244074893154,65.52107415673018,0.4484428384534927,0,11,4,1,0,0,0,0
74.49932887587424,35.4812928789938,0.8209095503258214,0,12,4,0,0,0,1,0
92.69624970525254,91.52325525262846,0.5164229509412711,0,13,4,0,1,0,0,0
21.063195513748365,31.491738779754545,0.4102350545758898,0,14,4,0,1,0,0,0
14.717379319580264,32.16165399351621,0.0218876930498577,0,15,4,1,0,0,0,0
91.57863524928663,95.6124260120948,0.5808554659660252,0,16,4,0,0,1,0,0
28.592261597177508,73.65937158408009,0.0439978247073687,0,17,4,0,0,0,0,1
77.68854755312054,85.15330771817007,0.3270062223699993,0,18,4,0,1,0,0,0
55.96345624776244,73.26826676500303,0.8385706769386877,0,19,4,0,1,0,0,0
64.79659280908365,70.54560828705364,0.3129603006925582,0,20,4,0,0,1,0,0
81.03229268303691,41.42561418394956,0.9252659345991734,0,21,4,0,0,0,0,1
67.69160248140025,57.25464612607646,0.9664564303355848,1,22,4,1,0,0,0,0
95.16789027153231,52.4156957708245,0.1566255925977654,1,23,4,0,1,0,0,0
88.37478319965568,50.54702732963176,0.3863908869511046,0,0,5,1,0,0,0,0
27.158338607648744,50.89156219103233,0.1794181179526001,0,1,5,0,0,0,0,1
34.24003152150763,76.00299890939365,0.953421536116326,0,2,5,0,0,1,0,0
26.700167800701976,86.20317958871541,0.7995937913277578,0,3,5,1,0,0,0,0
24.59553861404803,55.46845280732904,0.6902555385723351,0,4,5,1,0,0,0,0
32.42837607397003,48.027628453611385,0.6459366434271587,0,5,5,0,0,0,0,1
11.082269823873848,19.61528753813701,0.0065631527029174,0,6,5,0,1,0,0,0
53.53627805243175,54.73207773925194,0.625338780561458,0,7,5,0,0,0,0,1
62.5699492545116,56.06897511209881,0.4885207042563046,0,8,5,0,1,0,0,0
42.62522075665218,86.25398542610918,0.4238835075766975,0,9,5,0,1,0,0,0
20.31636361219111,86.38215289710472,0.9799561378025208,0,10,5,0,0,0,1,0
64.2593447764263,51.15278993537599,0.5772522876144537,0,11,5,1,0,0,0,0
94.33750212155311,19.37208875923612,0.97119521067362,0,12,5,0,0,0,0,1
62.52802725584856,39.93259736096016,0.0127030056340151,0,13,5,1,0,0,0,0
82.13393908526164,29.62804486650749,0.7442930236158536,0,14,5,0,0,0,1,0
23.623718740981552,39.32062114644688,0.8928158462393139,0,15,5,0,0,0,0,1
26.79596913388127,36.24831278126991,0.8143094384356696,0,16,5,0,0,1,0,0
43.169543783855005,52.0417600635485,0.1979658204471344,0,17,5,0,0,0,0,1
66.42078488287518,80.28025091429441,0.4085459945427959,0,18,5,0,1,0,0,0
63.92805769196903,93.4975905150872,0.4365747283171824,0,19,5,1,0,0,0,0
69.7365837058957,88.69300777653869,0.0606580787175166,1,20,5,0,1,0,0,0
29.954415691190857,80.04805230915319,0.6807024507278588,0,21,5,0,1,0,0,0
40.76705710486746,29.94382448570909,0.2502495417076394,0,22,5,1,0,0,0,0
41.6034180231656,76.66755346833324,0.9283678300258028,0,23,5,0,1,0,0,0
62.3226204060321,13.992854239733145,0.583444051978489,0,0,6,0,0,0,1,0
63.67273677953057,25.40709003432776,0.0613344408405481,0,1,6,1,0,0,0,0
61.30719393260597,68.2109237090855,0.0549207662705367,1,2,6,0,0,0,1,0
48.39383553760389,90.241112849999,0.3411741993059584,0,3,6,0,0,1,0,0
39.79126316421227,61.305263203824566,0.1982310029573655,0,4,6,0,1,0,0,0
68.89307695977436,27.048521179645565,0.6428698054781727,0,5,6,0,0,1,0,0
53.20236312702749,93.63150422663162,0.0875897938025913,0,6,6,0,0,0,1,0
55.190900489311474,64.54504330847351,0.231569054463568,0,7,6,0,0,0,1,0
13.492930777205416,44.64205124027901,0.9851680064354746,0,8,6,0,1,0,0,0
50.21421191817755,43.64841566777882,0.4636745848643657,0,9,6,0,0,0,0,1
13.34729469050691,74.557447229473,0.504880056163423,0,10,6,0,1,0,0,0
85.45344521372881,99.2662570419234,0.2922638116376208,0,11,6,0,0,0,1,0
54.75994303494783,33.120350155544095,0.25469490015357,0,12,6,1,0,0,0,0
19.9715699068954,46.44970143584911,0.4064630622506033,0,13,6,0,0,0,1,0
33.00075703386983,42.5880848294819,0.7644016167901966,0,14,6,0,0,0,0,1
25.89367975829952,95.31018187167908,0.2568756911625081,0,15,6,0,0,0,0,1
38.96028129987119,92.23840355030256,0.7449073061591452,0,16,6,0,0,1,0,0
36.11516422807509,76.56333197286463,0.7263191198648619,0,17,6,1,0,0,0,0
72.44134982030823,61.12091510551122,0.0862754303281585,0,18,6,0,0,1,0,0
81.243458802052,38.33468351103839,0.9293811480336908,0,19,6,0,0,0,1,0
43.09556665844332,96.51324621777358,0.0195120538407248,0,20,6,1,0,0,0,0
69.53802387013545,76.90995524303871,0.5073313271850892,1,21,6,0,0,0,1,0
76.25084286125376,30.4380573319735,0.3564044187790941,0,22,6,0,0,0,0,1
95.39395604401498,12.16277125038851,0.2960004480406217,0,23,6,0,0,1,0,0
71.44316987743579,57.99855781922004,0.3899029994924227,0,0,0,0,0,0,0,1
63.87075935165029,76.15460888141862,0.2823530428792715,0,1,0,0,0,1,0,0
49.082009832494826,11.106739401532922,0.8500925019527288,0,2,0,1,0,0,0,0
13.471081558436213,12.40996273327013,0.577930207021867,0,3,0,0,1,0,0,0
50.95738369702053,27.67170304346736,0.6427489271442623,0,4,0,0,0,0,1,0
97.9655891931388,69.57944246923061,0.594546916352256,0,5,0,0,0,1,0,0
46.614074084703766,65.00195680300679,0.8157373271688702,1,6,0,0,0,0,1,0
86.76120603804294,94.0643129142289,0.9899933425752436,0,7,0,0,1,0,0,0
31.367785962935866,36.44120404880266,0.1853199849565174,0,8,0,1,0,0,0,0
60.55966079501921,97.62157624586976,0.4138442341141467,0,9,0,0,0,0,0,1
44.00389673279336,77.84689920910795,0.1560878624122662,0,10,0,1,0,0,0,0
50.90991296286472,20.579962375247582,0.4673429034772801,0,11,0,0,1,0,0,0
23.929025895640848,15.170899270569755,0.9012244868765892,0,12,0,0,0,0,0,1
16.26661103201102,34.85659328996145,0.6946340553831687,1,13,0,0,0,0,0,1
68.61623599279721,97.0631972351069,0.32236076682778,0,14,0,0,0,0,1,0
64.23340291981916,60.944354325647765,0.5155919425791495,0,15,0,0,0,0,0,1
95.16034881867868,53.02585061345818,0.2874226541296686,0,16,0,0,0,0,0,1
11.131439518619104,40.9134351694381,0.2308228829431639,0,17,0,1,0,0,0,0
15.699135277903164,13.312815054128354,0.9661903841794932,0,18,0,0,1,0,0,0
82.22250995908492,95.47173527925682,0.2077665521851838,0,19,0,1,0,0,0,0
70.34427340238034,97.63239089542238,0.2052055583945645,0,20,0,0,0,1,0,0
99.88740974312738,10.190064896318486,0.7890169520191657,0,21,0,0,0,0,0,1
77.69859250112718,86.51605510392154,0.9990473412377048,0,22,0,1,0,0,0,0
85.95300105522477,59.39017795367924,0.7156775641569315,0,23,0,0,0,0,1,0
90.13649701316616,40.101361191474375,0.539134170201349,0,0,1,0,0,1,0,0
24.962467028590897,77.5959905452458,0.6118703895885295,0,1,1,0,0,1,0,0
66.2454350634327,96.2727880972791,0.1395987802643227,0,2,1,1,0,0,0,0
97.69235336466316,57.80991603048806,0.1179434994362348,0,3,1,0,0,0,1,0
62.11099449245757,54.84138539417199,0.5101407618329337,0,4,1,1,0,0,0,0
48.755442299879846,73.48819157040548,0.5221135466386639,0,5,1,0,0,1,0,0
26.509028435574177,88.53542071627268,0.0848053745836587,0,6,1,0,0,1,0,0
88.54379953014886,24.625093184285696,0.7579407044283827,0,7,1,0,0,0,1,0
72.96000414657226,71.51465911098049,0.492541900507644,0,8,1,1,0,0,0,0
78.96614976415842,80.6857617424928,0.997038134220019,0,9,1,0,0,0,1,0
50.52963956631847,75.94134511285523,0.9576313593230374,0,10,1,0,1,0,0,0
36.37560297945699,17.048149539137263,0.2847932490956639,0,11,1,0,0,0,1,0
89.17189488257118,66.03157019318301,0.2957088229163976,0,12,1,0,0,0,0,1
61.919534669867325,96.5446629589214,0.6307677188404481,0,13,1,0,0,0,0,1
60.53439196536471,46.7152778572078,0.049006419265388,0,14,1,0,0,0,0,1
29.53436473015511,72.79316151397185,0.910888179754448,0,15,1,0,0,0,1,0
14.120197747692124,71.99686279019139,0.5063271158131862,0,16,1,0,1,0,0,0
22.877015210034777,32.8495620151087,0.2804444881424875,0,17,1,0,0,1,0,0
79.74901394709434,39.01470065288406,0.1228035436550406,0,18,1,0,1,0,0,0
58.16222511639744,83.35225848934058,0.6784618306069045,0,19,1,0,0,0,1,0
83.83365836596249,41.28986856697706,0.477154970483057,0,20,1,0,0,0,1,0
56.62474277547674,42.23674080239536,0.3551585213113261,0,21,1,0,0,0,1,0
35.74850060274453,23.27511907343872,0.7440047927230024,0,22,1,0,1,0,0,0
13.93228352088363,49.087915137758976,0.7192786882612906,0,23,1,1,0,0,0,0
39.16310961804249,89.529993047051,0.4301006096246115,0,0,2,0,0,0,0,1
66.9648788192244,99.37033288544846,0.9259807533038136,0,1,2,0,1,0,0,0
72.13300401633145,16.878489454627122,0.7333870591504825,0,2,2,1,0,0,0,0
56.42487376973606,94.50323285575251,0.6688014420321982,0,3,2,0,1,0,0,0
40.148430428907375,59.07500761992237,0.3960797161151779,0,4,2,1,0,0,0,0
11.02801846763564,12.913548214679052,0.8276481023294474,0,5,2,0,1,0,0,0
55.29304755520577,43.192593645672574,0.6442075669758306,0,6,2,1,0,0,0,0
37.171320632196114,79.07337823944823,0.4921912967224267,0,7,2,0,0,1,0,0
38.4598136030812,71.69931106137966,0.4659195208102579,0,8,2,0,0,0,0,1
53.63922443580429,19.03940300928989,0.1826858815607785,0,9,2,0,0,1,0,0
86.04909239430734,55.01117083862846,0.5746428739524295,0,10,2,0,0,1,0,0
37.21490182370482,89.49786591397454,0.3170494174588841,0,11,2,0,0,0,0,1
44.5079341726125,92.16109624250274,0.7477637078045679,0,12,2,0,0,0,0,1
33.63646677492327,34.29515278268709,0.8260131873274161,0,13,2,1,0,0,0,0
72.3836349025095,37.16365297466328,0.8460932128749881,0,14,2,1,0,0,0,0
24.99217212263321,27.19986016365496,0.2830155776097416,0,15,2,0,1,0,0,0
93.97476921734388,56.01392029651868,0.976224191851543,0,16,2,1,0,0,0,0
27.48195585196696,93.71489242553008,0.2658286490724965,0,17,2,0,0,1,0,0
33.670626213973335,87.3754439319368,0.0309210414925036,0,18,2,1,0,0,0,0
75.52415113014018,29.47028571189344,0.0033732513696403,0,19,2,0,0,0,1,0
69.45279091816774,56.82490015017458,0.9531904193640452,0,20,2,1,0,0,0,0
57.999821069456985,39.55877452481431,0.4246326707976273,0,21,2,0,0,1,0,0
27.036676505451872,18.51917809697344,0.9771645402786412,0,22,2,0,0,0,0,1
72.01022436079609,26.457402340765253,0.927048823145471,0,23,2,0,0,0,1,0
53.9678523381814,28.60155804491957,0.6572329318018019,0,0,3,0,1,0,0,0
50.2358498879414,11.829614712094427,0.1753779688016769,1,1,3,0,0,1,0,0
91.2293600351788,97.84664625963768,0.5583915059974431,0,2,3,0,0,1,0,0
25.97000920702483,45.30356510491345,0.680606073204976,0,3,3,0,0,0,0,1
58.46823104325883,60.42601383906089,0.1633652686292824,0,4,3,0,1,0,0,0
71.40047986174835,95.8606427114737,0.2188728737348473,0,5,3,0,0,0,0,1
23.095075391859403,63.724316303614216,0.3935290820294265,0,6,3,0,1,0,0,0
74.2479445014433,69.16240570091188,0.96682482824782,0,7,3,1,0,0,0,0
56.11778886499002,33.89671189096964,0.3569245016474663,0,8,3,1,0,0,0,0
37.101099109357335,97.20580783500826,0.4077484944528583,0,9,3,0,0,1,0,0
53.258294604800966,66.58636376896106,0.979642138760861,0,10,3,0,0,1,0,0
86.57748678092385,60.67641343107672,0.8826987779429258,0,11,3,0,1,0,0,0
34.78006778134278,56.25388641737121,0.1824225380246447,0,12,3,1,0,0,0,0
10.006932562275091,18.325196086405228,0.5193765475390857,0,13,3,0,0,1,0,0
51.93353981623281,23.79471541177682,0.8243761263303714,0,14,3,0,0,0,1,0
49.044804955239904,79.62596149256132,0.960153789325828,0,15,3,0,0,1,0,0
98.18303499459222,38.123213241373776,0.6272427759643715,0,16,3,1,0,0,0,0
31.85157143386876,36.35341931075458,0.65710728052199,0,17,3,0,0,0,1,0
76.74537670541186,28.043435689884888,0.0009299605160747,0,18,3,0,0,0,0,1
28.032461086960588,70.13933848790711,0.8501194947368206,0,19,3,0,1,0,0,0
68.65040463700079,68.2770779215993,0.0354316371018104,0,20,3,1,0,0,0,0
38.08086935820676,91.02483757133156,0.4153426330740017,0,21,3,0,0,0,1,0
94.63416453223545,82.09475889297713,0.1044047171429316,0,22,3,1,0,0,0,0
26.521145389628145,54.40216527038892,0.2092455772460167,0,23,3,0,1,0,0,0
80.66698444089012,69.66634403054752,0.3308301186802225,0,0,4,0,0,0,0,1
69.49314651509769,63.54074746863322,0.5191302950520944,0,1,4,1,0,0,0,0
80.55842031263705,14.932056074403537,0.0202296675933418,0,2,4,0,0,0,1,0
67.21601847741414,69.39128877125968,0.6054059299804421,0,3,4,0,1,0,0,0
89.81374721715743,43.32508085628091,0.9955617683625664,0,4,4,0,0,0,1,0
41.34483461775976,57.13472111749898,0.0180946733336785,0,5,4,1,0,0,0,0
61.03550802501376,47.2414611155676,0.5656573327546037,0,6,4,0,0,1,0,0
39.79553881400214,16.888915653236943,0.7562913910526488,0,7,4,0,0,0,1,0
68.42739649280826,94.09371961842828,0.8327880836289765,0,8,4,0,0,1,0,0
15.832750400060416,37.05749100515232,0.3278968326325157,0,9,4,0,0,1,0,0
51.66428111808683,25.154533470403976,0.3941346162782865,0,10,4,0,1,0,0,0
32.965557871667784,20.44550277441141,0.8399775473125765,0,11,4,0,1,0,0,0
98.14338652516008,50.962743690088445,0.8382780328798196,0,12,4,0,0,0,0,1
88.88926748040059,90.8661766306865,0.8582708093099641,0,13,4,1,0,0,0,0
29.62739351033068,62.39898005063935,0.7058406455696082,0,14,4,0,1,0,0,0
85.29801409198318,72.6612656118155,0.7315831870860663,0,15,4,1,0,0,0,0
73.29570994113007,71.52131228586501,0.6168347773092807,0,16,4,0,1,0,0,0
38.981553666269264,97.8574375634752,0.8906371648924568,0,17,4,0,1,0,0,0
43.95689754114726,42.201477211794696,0.6734393772842932,0,18,4,0,0,1,0,0
63.40605444348808,29.359450963182923,0.7075110007403849,0,19,4,0,0,0,1,0
80.56230250293223,99.6010348998968,0.4974783808458732,0,20,4,0,0,0,1,0
49.18725137575288,54.449253230776144,0.3380502238937989,0,21,4,0,0,0,1,0
36.485674691227736,61.48927775680958,0.4176020357646357,0,22,4,0,0,0,1,0
42.72787792971032,30.30344305893079,0.9500897809185442,0,23,4,0,0,0,0,1
99.57766068025052,73.37717496183645,0.0747855233784414,0,0,5,1,0,0,0,0
41.8227353715044,97.90502270872146,0.1696831797286961,0,1,5,1,0,0,0,0
24.13577782207831,83.72095785936338,0.1773230833727871,0,2,5,0,0,0,0,1
75.26952467331752,24.669405289949207,0.4452205760323857,0,3,5,0,0,1,0,0
30.65716065461832,20.48436998373161,0.4889847894407939,0,4,5,1,0,0,0,0
72.44945048279237,34.096381407324444,0.0579991649129523,0,5,5,0,0,0,1,0
80.23266191446132,81.29798912170817,0.0593334235212104,0,6,5,0,1,0,0,0
91.47555974162536,85.33863254072617,0.8897842797188479,1,7,5,0,0,0,0,1
81.16725920824848,94.5413803098749,0.1247043560682344,0,8,5,0,0,0,0,1
63.46015786810301,47.56468631165909,0.8581342038070707,0,9,5,0,0,0,1,0
29.905949214574097,67.1044858578078,0.2945072141886865,0,10,5,0,0,1,0,0
64.40294608397701,26.99668374959913,0.3808382363597588,0,11,5,0,0,0,1,0
59.66022515081108,29.504580881467724,0.1283184045224797,0,12,5,1,0,0,0,0
66.52474028496395,32.49797872494389,0.1946960489398977,0,13,5,0,0,1,0,0
59.56766600854584,71.47864756056055,0.5940516898974921,0,14,5,0,0,1,0,0
77.92991329715457,41.56673287279271,0.9434825580235258,0,15,5,0,0,0,0,1
61.688816522872656,17.16863837676198,0.9802705624970834,0,16,5,1,0,0,0,0
64.08704501443339,93.55867375392955,0.7394109431941214,0,17,5,1,0,0,0,0
42.16185142416847,47.28329322709119,0.7388569174176827,0,18,5,0,1,0,0,0
14.377501183070512,78.78711195110192,0.8305286093856156,0,19,5,0,0,0,1,0
80.206153862561,13.513241492947762,0.2445055947590901,0,20,5,0,0,0,0,1
80.41574164113865,78.35691364656418,0.2645489490419127,0,21,5,0,0,0,0,1
36.9087392976182,61.20774772827271,0.7027975445797655,0,22,5,0,0,0,1,0
29.08089493805529,16.135283289455028,0.5675590106862017,0,23,5,0,0,1,0,0
19.35157808170657,66.87343909377753,0.5795883400986052,0,0,6,0,1,0,0,0
34.44668007158171,42.57270708499616,0.1290055257416732,0,1,6,0,1,0,0,0
81.41515284943999,96.7957398517478,0.8069617907713429,0,2,6,0,0,0,0,1
27.450619758180107,49.86699032460815,0.7508760418949948,0,3,6,0,0,0,1,0
65.70225812625743,60.70980509916768,0.5577243948327285,0,4,6,0,0,0,1,0
50.70097741774521,42.585613829081865,0.1124268717393868,0,5,6,0,1,0,0,0
50.243254577059886,71.62189340616376,0.9506164401390956,0,6,6,0,0,0,1,0
21.1458547206259,16.195300039458296,0.7621440651792837,0,7,6,0,0,0,1,0
16.43832083940835,52.16739126943224,0.5119893821825897,0,8,6,0,0,0,1,0
70.30126731068788,58.75964999870469,0.3382238586220067,0,9,6,1,0,0,0,0
94.24651183536184,32.51857696682872,0.7526778251910219,0,10,6,1,0,0,0,0
64.08879961517923,41.01302588371839,0.2004818299751006,0,11,6,0,0,0,0,1
77.26384488888628,62.539239518004656,0.1394057417340821,0,12,6,0,1,0,0,0
40.31214229035872,50.916657326435946,0.8480260322336391,0,13,6,0,1,0,0,0
84.55259193533934,44.37912363990471,0.3340527927774718,0,14,6,1,0,0,0,0
95.2301527805285,11.920076798012518,0.5847187482767527,0,15,6,0,0,0,1,0
50.83496652230644,23.55967783056922,0.4985941139851815,0,16,6,0,0,1,0,0
84.60060342839287,41.93851846994259,0.5006842161098343,0,17,6,1,0,0,0,0
63.53186105836484,12.845188225582884,0.4271786330249961,0,18,6,0,0,0,1,0
66.26626490693305,82.00296267743329,0.1911507639027172,0,19,6,1,0,0,0,0
23.44981815960602,11.021979773713175,0.0530307305584982,0,20,6,0,1,0,0,0
90.06115336349863,71.62684127137953,0.8190407722612534,0,21,6,0,0,0,1,0
25.527990197551134,30.63373778627032,0.7558510970167627,0,22,6,0,1,0,0,0
74.06906245975239,10.249793705637137,0.2771917261272317,0,23,6,0,0,0,0,1
26.68493172269836,31.964825164066426,0.0141213626112681,0,0,0,0,0,0,1,0
87.17606804177909,30.104703859736155,0.5086217139056916,0,1,0,0,0,0,0,1
88.07345453811928,11.704441752467348,0.6491890304997459,0,2,0,0,0,0,1,0
98.2927232923352,13.11547361456208,0.8999266453893355,0,3,0,0,0,1,0,0
31.218274539629405,87.6023926816555,0.042641379008624,0,4,0,0,0,0,0,1
84.71865132912392,74.26828330854329,0.2290484195556313,0,5,0,0,0,0,1,0
53.68389808508408,90.42202596823398,0.0408171650797212,0,6,0,1,0,0,0,0
23.030133714144085,36.79368847877865,0.7061256485681822,0,7,0,0,0,0,1,0
63.498140700143466,58.27148018561604,0.9371213001718842,0,8,0,0,1,0,0,0
87.34495106429543,47.63784703300799,0.2502910062027869,0,9,0,0,0,0,0,1
15.900151898696164,54.72042684932479,0.5482051084832837,0,10,0,1,0,0,0,0
36.87927531010898,56.47276106809286,0.0319332805139734,0,11,0,0,0,0,1,0
13.846819533581574,41.83416130455339,0.7167986698636748,0,12,0,0,0,0,0,1
11.657828888394429,30.289026859636607,0.5242169779323402,0,13,0,0,0,0,0,1
21.21036641616177,89.95161364321649,0.2584381475110235,0,14,0,0,0,0,0,1
45.76941000334883,12.910796726521616,0.4300355943135006,0,15,0,0,1,0,0,0
64.09589461181153,98.2408375996488,0.4777419058693507,0,16,0,0,0,0,0,1
90.38789073571203,34.79164660531628,0.4035529825012005,0,17,0,0,0,0,1,0
61.9468343699687,64.32983326370797,0.6774998755093605,0,18,0,0,1,0,0,0
21.0074016493607,21.47375304302289,0.2049893811906921,1,19,0,0,1,0,0,0
73.55606662201993,38.69211116438761,0.4496166799568124,0,20,0,0,0,0,0,1
32.2318769063642,93.8965471058002,0.6610513893555724,0,21,0,1,0,0,0,0
44.88713449114011,83.78950268867644,0.7560285737450182,0,22,0,0,0,0,1,0
38.39225462332512,17.616997984209416,0.991923320101168,0,23,0,0,0,1,0,0
94.5872061148643,20.113734295878714,0.5601138232306296,0,0,1,0,0,0,1,0
96.52314248884213,94.93170387030288,0.856704244071713,0,1,1,0,0,1,0,0
81.69738902734242,27.58657448354792,0.2709095960651473,0,2,1,1,0,0,0,0
56.376547151977306,48.32297180233819,0.4528922347432437,0,3,1,0,0,1,0,0
80.90963279805126,97.59327634080483,0.86676521291186,0,4,1,0,0,1,0,0
23.12363510526152,71.52949764480569,0.8719082869819983,0,5,1,0,0,0,0,1
76.7037658134944,48.46699759690941,0.092037327296395,0,6,1,0,0,0,1,0
67.97359142174959,36.18524095237869,0.7573364910544071,0,7,1,0,0,1,0,0
45.84978420861537,36.53471969141,0.6521879103565174,0,8,1,0,0,1,0,0
53.520423375763215,54.03186091591388,0.0538861021795162,0,9,1,0,0,1,0,0
52.160534543489405,21.36611514974726,0.9494127546761172,0,10,1,0,0,1,0,0
12.957371513455186,52.9067346483392,0.3105800165042927,0,11,1,0,0,0,1,0
77.5892520491586,11.443127474715745,0.2606398456693745,0,12,1,0,0,0,0,1
97.5841046288916,28.85792787960729,0.3632136317624784,0,13,1,0,1,0,0,0
93.186765046662,49.87894110780856,0.6179153511305893,1,14,1,0,1,0,0,0
75.05441065286574,19.236338548138068,0.2432574499650226,0,15,1,0,1,0,0,0
26.606352840247457,17.060490894266653,0.2352320511548524,1,16,1,0,1,0,0,0
19.534609879795333,49.677028354486666,0.4296437730502268,0,17,1,0,0,0,0,1
63.74348565655637,77.30669853816907,0.8347683490609425,0,18,1,0,0,1,0,0
84.99494585391481,24.659369987938287,0.7803803912579997,0,19,1,0,0,0,0,1
43.31408994984277,29.3985429532272,0.719368166041893,0,20,1,0,0,1,0,0
59.64679754482704,37.06997240789393,0.6985546855885032,0,21,1,1,0,0,0,0
67.6345414499013,44.21692274406343,0.5437140816653593,0,22,1,0,0,0,1,0
43.18297705942081,59.62542233513079,0.1472954822049518,0,23,1,0,0,0,1,0
88.20869587689056,63.05006360901799,0.2828338638670756,0,0,2,0,0,0,0,1
50.36171009890702,56.52607726320148,0.662685734015089,0,1,2,0,0,0,0,1
88.99270050806099,81.48455822676858,0.8366503058153224,0,2,2,0,0,0,0,1
74.0970689078747,97.63612941530968,0.9837436832634588,0,3,2,0,1,0,0,0
13.844857117841546,93.3830334942078,0.0510733055658789,0,4,2,0,0,0,0,1
12.611478926976906,54.02493330013226,0.7187946248769317,0,5,2,0,0,1,0,0
34.06316109206354,53.34806403438312,0.903843130556986,0,6,2,0,0,0,1,0
35.85949743054377,39.33289839154256,0.7411826706570788,0,7,2,0,0,0,1,0
42.60535294784076,58.05162091309303,0.6185239469195336,0,8,2,0,0,0,1,0
48.2268648362713,82.69123550239847,0.3022555946916622,1,9,2,0,0,1,0,0
15.061303969882118,59.25107738424546,0.8313888508428988,0,10,2,0,1,0,0,0
60.222509912044046,92.95859135600308,0.3050601812980062,0,11,2,1,0,0,0,0
71.16993370893385,32.04225945579654,0.75909910749829,0,12,2,0,0,0,0,1
79.37427413633232,95.26787369146018,0.0777500991231449,0,13,2,0,1,0,0,0
68.36620472188787,44.91112749585823,0.3714815316000812,0,14,2,0,0,1,0,0
73.97469114745326,80.34022583092302,0.9136424000128052,0,15,2,0,1,0,0,0
61.19374615765196,75.35372119726676,0.4290793931222515,0,16,2,0,0,1,0,0
98.30041035340705,66.39384639717704,0.4688318910094555,0,17,2,0,0,1,0,0
57.99495371278119,27.92819881920769,0.4156354887421412,0,18,2,0,1,0,0,0
22.090776401179784,45.13889006965265,0.1057187708004696,1,19,2,0,0,1,0,0
13.131711320985104,44.27028066955624,0.6030675005883553,0,20,2,0,1,0,0,0
82.00241852701163,54.94891695192088,0.410923840158629,0,21,2,0,0,0,0,1
31.808666818145923,42.91180927061685,0.892658062596063,0,22,2,0,0,0,0,1
18.212010934779613,79.81674716429508,0.798681215110074,0,23,2,0,0,1,0,0
79.19729957287116,66.70610473254715,0.7805883107616539,0,0,3,0,0,1,0,0
10.661651267084997,79.43424822006767,0.1792675798491805,0,1,3,1,0,0,0,0
39.41846624095393,69.98428539424151,0.5124385762914143,0,2,3,0,0,0,1,0
14.572576131898854,85.37776737167682,0.1847927976811938,0,3,3,1,0,0,0,0
66.38073201509731,21.065222532351072,0.4478635279559976,0,4,3,0,0,0,0,1
59.029280852582886,77.587190675629,0.893001725079941,0,5,3,0,1,0,0,0
29.363762180061297,82.84786408364808,0.0185426875286532,0,6,3,0,0,1,0,0
38.67638285599344,72.92707380065482,0.8729085939754808,0,7,3,0,0,1,0,0
70.84179380147489,81.37222789945675,0.7906971581139471,0,8,3,0,0,0,0,1
96.10935116192007,98.2452759822024,0.9433765426004752,0,9,3,0,1,0,0,0
80.55756596081288,33.98956472024298,0.8952480163358687,0,10,3,0,0,1,0,0
60.98276949454476,48.3009931012414,0.6371430223864262,0,11,3,0,0,0,1,0
40.39032929213584,14.161746815133736,0.3994497415416771,0,12,3,1,0,0,0,0
85.88659811810663,39.954165552392894,0.9163748915478472,0,13,3,0,1,0,0,0
24.17938083167148,97.16291515311428,0.1860753622628134,0,14,3,1,0,0,0,0
22.628164738064527,40.97998259035188,0.327591018798574,0,15,3,0,0,1,0,0
68.46708138536229,15.910489203653048,0.6133713544637315,0,16,3,0,0,0,0,1
41.61384354634974,27.01624975483371,0.5632794636722344,0,17,3,0,1,0,0,0
52.33810790461614,79.72344815204072,0.0391697034094615,0,18,3,0,0,1,0,0
59.3088667897494,36.021251919124495,0.507260689735162,0,19,3,0,0,0,0,1
50.18606437061031,44.54646421771303,0.722522347875597,0,20,3,0,0,0,0,1
15.880654301311733,34.063690295531494,0.9103350521675434,0,21,3,1,0,0,0,0
93.2069229574343,53.54585895379297,0.349553021657929,0,22,3,0,0,0,1,0
49.45007181617836,34.489507270956565,0.1693979401866958,0,23,3,0,1,0,0,0
87.01161858917399,99.52235672534624,0.8589599696724031,0,0,4,0,1,0,0,0
29.32881528535313,89.97236175842225,0.28560287194158,0,1,4,0,0,1,0,0
90.00558943683018,40.347012916706845,0.2810849871880284,0,2,4,1,0,0,0,0
86.31758256679817,41.873839670799214,0.7347183554671533,0,3,4,0,0,0,0,1
20.443810594610373,17.84848107618984,0.0295433289723273,0,4,4,1,0,0,0,0
64.6020311134568,49.133992181918366,0.8800782523307565,0,5,4,0,0,0,0,1
37.54797796124622,27.2944913550858,0.6457439079137509,0,6,4,0,0,0,1,0
41.35252404135755,49.40930847785879,0.5903632295148155,0,7,4,0,0,0,0,1
31.145356675220096,20.87510265754165,0.2937006794394121,0,8,4,1,0,0,0,0
95.9649600417467,99.4767532307276,0.5084524017969126,0,9,4,1,0,0,0,0
69.01355852338624,42.291259375718425,0.7280154874196471,0,10,4,0,1,0,0,0
19.87674987658153,89.45705885174841,0.2667784305131216,0,11,4,1,0,0,0,0
96.29979162337555,47.95802957303573,0.5124833984542169,0,12,4,0,0,0,1,0
75.16445866811671,64.21004551176182,0.3677402114526512,0,13,4,1,0,0,0,0
93.63304034468202,64.68416731379715,0.9603636004427584,0,14,4,0,0,0,0,1
89.91562519415352,97.44012749779932,0.3112237592492107,0,15,4,0,0,1,0,0
